{"cameraMode":{"drawMode":0,"name":"Shaded","section":"Shading Mode"},"sceneLighting":false,"audioPlay":false,"sceneViewState":{"showFog":true,"showMaterialUpdate":false,"showSkybox":false,"showFlares":true,"showImageEffects":true,"showParticleSystems":true},"in2DMode":false,"pivot":{"x":-0.0007849931716918945,"y":1.183728575706482,"z":-0.13500642776489259},"rotation":{"x":-0.05539509654045105,"y":0.052395109087228778,"z":0.0029109183233231308,"w":0.9970848560333252},"size":2.148944139480591,"orthographic":false}