{"cameraMode":{"drawMode":0,"name":"Shaded","section":"Shading Mode"},"sceneLighting":false,"audioPlay":false,"sceneViewState":{"showFog":true,"showMaterialUpdate":false,"showSkybox":false,"showFlares":true,"showImageEffects":true,"showParticleSystems":true},"in2DMode":false,"pivot":{"x":4.76837158203125e-7,"y":5.6175456047058109,"z":87.07268524169922},"rotation":{"x":-0.18148350715637208,"y":0.2850852608680725,"z":-0.05506674572825432,"w":-0.9395526647567749},"size":88.10789489746094,"orthographic":false}